run_id,fold_id,test_roc_auc_te,test_pr_auc_te,val_roc_auc_te,val_pr_auc_te,test_roc_auc_note,test_pr_auc_note,val_roc_auc_note,val_pr_auc_note,description,delta_test_roc_auc_te_minus_note,delta_test_pr_auc_te_minus_note,delta_val_roc_auc_te_minus_note,delta_val_pr_auc_te_minus_note
A1_trailing,A,0.7477058452956772,0.3764883952855439,0.7544016674693921,0.3597477609283242,0.7371496311447426,0.3606632731608393,0.7387581128621274,0.3397019439654672,"A1 trailing windows (1, 6, 24)",0.01055621415093455,0.015825122124704605,0.01564355460726463,0.02004581696285701
A1_trailing,B,0.7513133430950126,0.3560563777505626,0.7635724332909534,0.3683309108852305,0.7386321298715507,0.3392618355108284,0.7498273618972825,0.3482946507598206,"A1 trailing windows (1, 6, 24)",0.01268121322346194,0.0167945422397342,0.013745071393670871,0.020036260125409933
A1_gap1,A,0.7459859883717262,0.3740362622368026,0.7530665114887174,0.3583886959018987,0.7340203110912893,0.3566042527590298,0.7362894073616586,0.3378280138240995,"A1 gap g=1 windows (1, 6, 24)",0.01196567728043696,0.017432009477772792,0.016777104127058795,0.02056068207779921
A1_gap1,B,0.7500484892577233,0.3557904281772582,0.7608789630514581,0.3660923391652952,0.7354179104577275,0.3372697177324942,0.7457998102266945,0.3449870301052744,"A1 gap g=1 windows (1, 6, 24)",0.014630578799995742,0.018520710444764,0.015079152824763575,0.021105309060020838
A1_bucket,A,0.7467268993615508,0.3740102777065144,0.7539021101871598,0.3592324975360247,0.7362098523034507,0.3589642102891313,0.7385842103898104,0.3396011897940125,"A1 bucket edges (1, 6, 24)",0.010517047058100082,0.015046067417383124,0.015317899797349432,0.019631307742012216
A1_bucket,B,0.7509237793440802,0.3558104955072761,0.7631058399934929,0.3670477409869345,0.7381486465733952,0.3388110108062937,0.7484939261706901,0.3470628112840942,"A1 bucket edges (1, 6, 24)",0.012775132770684983,0.016999484700982392,0.014611913822802802,0.01998492970284027
A1_calendar,A,0.7474720407329433,0.3775407132989741,0.7533320490716128,0.3585265637444939,0.7379401403766486,0.3609311833508499,0.7392805767000402,0.3402581756757322,"A1 calendar windows on trailing (1, 6, 24)",0.009531900356294698,0.016609529948124202,0.01405147237157256,0.018268388068761687
A1_calendar,B,0.7509006438166161,0.3561846697837006,0.7627825345873201,0.3679641480268437,0.7384429205530699,0.3393141450861605,0.7501735414421431,0.3480039804492804,"A1 calendar windows on trailing (1, 6, 24)",0.012457723263546217,0.016870524697540135,0.01260899314517705,0.019960167577563304
A1_event50,A,0.748014876572882,0.3785411922211006,0.7541429670437192,0.3593995022707563,0.7394104210679624,0.3632905126945195,0.7420387675063471,0.3426534619518764,A1 event windows last50,0.008604455504919617,0.015250679526581101,0.012104199537372073,0.016746040318879885
A1_event50,B,0.752664549410338,0.3579672341649401,0.76304943320826,0.3685875232152151,0.7415599180014741,0.3418947194741832,0.7535458517299445,0.3519750411879589,A1 event windows last50,0.011104631408863863,0.01607251469075688,0.009503581478315537,0.01661248202725618
A2_trailing,A,0.7476796094957467,0.3781961499902275,0.7536629108256024,0.3585401347646403,0.7369566051017471,0.360012645520288,0.738634803982723,0.339455737940426,"A2 trailing windows (1, 3, 6, 12, 24)",0.010723004393999647,0.018183504469939493,0.015028106842879474,0.01908439682421431
A2_trailing,B,0.7518835564118757,0.3571121238794524,0.7629534800055914,0.3679702736995145,0.7382697005650563,0.3389879215293518,0.750080009448986,0.3483239429552858,"A2 trailing windows (1, 3, 6, 12, 24)",0.0136138558468194,0.018124202350100593,0.012873470556605371,0.019646330744228724
A2_gap1,A,0.7447469729034849,0.3730882148814415,0.7520558604869936,0.3574395126856675,0.7335726745050073,0.3558803062925333,0.7357102518310505,0.3372363966558175,"A2 gap g=1 windows (1, 3, 6, 12, 24)",0.011174298398477611,0.017207908588908194,0.016345608655943034,0.020203116029849977
A2_gap1,B,0.7493048081233508,0.3543786316345703,0.761211749241219,0.3657017005903191,0.7344977568694732,0.3362928438882184,0.7445533106455328,0.3437118950866318,"A2 gap g=1 windows (1, 3, 6, 12, 24)",0.014807051253877601,0.01808578774635189,0.016658438595686276,0.021989805503687287
A2_bucket,A,0.7459590865605195,0.3750026402139647,0.7535561276394612,0.359554983009936,0.7358045296977458,0.3583505036915461,0.7377105883865971,0.3379428379426884,"A2 bucket edges (1, 3, 6, 12, 24)",0.010154556862773667,0.016652136522418592,0.015845539252864138,0.021612145067247568
A2_bucket,B,0.7494004467880453,0.3546629265736397,0.7622808555254565,0.365792612221536,0.736956677484388,0.3369555424689546,0.7464710264750691,0.3437259907029616,"A2 bucket edges (1, 3, 6, 12, 24)",0.012443769303657315,0.017707384104685087,0.015809829050387414,0.02206662151857436
A2_calendar,A,0.7465243470656915,0.3749741310899948,0.753914924157131,0.3586278456817117,0.7381616761892591,0.361399424241291,0.740071967150558,0.3416049151249877,"A2 calendar windows on trailing (1, 3, 6, 12, 24)",0.008362670876432388,0.013574706848703766,0.013842957006573009,0.017022930556723992
A2_calendar,B,0.7512068258489841,0.3559059532324782,0.7630071452270986,0.367832777821223,0.7385468610163913,0.3393019806231516,0.7498902865474706,0.3486981422338981,"A2 calendar windows on trailing (1, 3, 6, 12, 24)",0.012659964832592796,0.01660397260932661,0.013116858679627974,0.019134635587324866
A2_event50,A,0.7478494267930433,0.3782393777173461,0.753948344170711,0.3591719013631366,0.7396986354979987,0.3636744977559442,0.7425353625562972,0.343127992316228,A2 event windows last50,0.00815079129504459,0.014564879961401933,0.011412981614413842,0.01604390904690861
A2_event50,B,0.7523707706517022,0.3575308765815085,0.762600614518543,0.3677799512952237,0.7417561839170572,0.3419330323296834,0.7536693639420048,0.3515431952839894,A2 event windows last50,0.010614586734644993,0.015597844251825088,0.008931250576538208,0.016236756011234255
A3_trailing,A,0.7482592740009575,0.3778589131679936,0.75381630978668,0.3588090455062024,0.7392098064180226,0.3625117051383232,0.7420023043681131,0.3430305099717882,"A3 trailing windows (1, 6, 24, 48, 168)",0.0090494675829349,0.015347208029670378,0.01181400541856692,0.015778535534414218
A3_trailing,B,0.7515173580876192,0.3556379249841871,0.7639810146463442,0.3674900509350245,0.7406616975039155,0.3395063605237299,0.7547847075681753,0.3529071418996632,"A3 trailing windows (1, 6, 24, 48, 168)",0.010855660583703686,0.016131564460457215,0.009196307078168875,0.014582909035361302
A3_gap1,A,0.7448256509513838,0.3721616147581114,0.7524467426290142,0.3578553555320923,0.7364583015757988,0.3588341011443011,0.7395282777725829,0.3408636616729792,"A3 gap g=1 windows (1, 6, 24, 48, 168)",0.00836734937558492,0.013327513613810293,0.012918464856431333,0.01699169385911309
A3_gap1,B,0.750838802731935,0.3558152360172298,0.7625430984813829,0.3670891888971589,0.7390737384090879,0.3403771779061132,0.7513684843370084,0.3494969311904459,"A3 gap g=1 windows (1, 6, 24, 48, 168)",0.011765064322847185,0.015438058111116593,0.011174614144374484,0.01759225770671302
A3_bucket,A,0.7466512072471655,0.3750887524843913,0.753733617585418,0.3593195944920471,0.7385600355798057,0.3610053101620968,0.7410949423369755,0.3413530975245867,"A3 bucket edges (1, 6, 24, 48, 168)",0.008091171667359842,0.01408344232229447,0.012638675248442532,0.017966496967460388
A3_bucket,B,0.7508240616171354,0.3546009546246746,0.7624537486274306,0.3665968941871562,0.7402379234673024,0.3398933783859325,0.7519241183925742,0.3492093307464628,"A3 bucket edges (1, 6, 24, 48, 168)",0.010586138149833002,0.014707576238742137,0.010529630234856424,0.017387563440693365
A3_calendar,A,0.7479975961275015,0.3767195164764484,0.7536263255501918,0.3587334629325815,0.7391304588302046,0.3625898996387733,0.7417716544543455,0.3428809388058814,"A3 calendar windows on trailing (1, 6, 24, 48, 168)",0.008867137297296934,0.014129616837675107,0.01185467109584637,0.01585252412670013
A3_calendar,B,0.7518082791557703,0.3563595926477725,0.7641593856457212,0.3686286186222699,0.7413664259986705,0.3410176609171266,0.7547653614410621,0.3531622951050678,"A3 calendar windows on trailing (1, 6, 24, 48, 168)",0.010441853157099779,0.015341931730645908,0.009394024204659068,0.015466323517202119
A3_event50,A,0.7485674855102865,0.3773874951697016,0.7551022038844333,0.3604201746122794,0.7398859117980204,0.3639389748301791,0.7426574983675018,0.3436808637105055,A3 event windows last50,0.008681573712266077,0.013448520339522485,0.012444705516931442,0.016739310901773885
A3_event50,B,0.7523567621796287,0.3566410775068497,0.7638163782627103,0.3686172450783709,0.7422379694543583,0.3422540805347104,0.7551109729201113,0.3541574561105834,A3 event windows last50,0.010118792725270387,0.014386996972139299,0.008705405342599004,0.01445978896778749
A4_trailing,A,0.7463832497127957,0.3758763423721433,0.7538436638255689,0.3589319123208501,0.7392381672227747,0.3631543017452573,0.7417426203015045,0.3424306073147498,"A4 trailing windows (1, 2, 4, 8, 16, 24, 48, 96, 168)",0.007145082490020993,0.012722040626885978,0.012101043524064381,0.01650130500610031
A4_trailing,B,0.7521436612733888,0.356409197869057,0.7634870024359667,0.3674612454611783,0.7413767637861616,0.3412203063932533,0.7545631182859365,0.3527440015777268,"A4 trailing windows (1, 2, 4, 8, 16, 24, 48, 96, 168)",0.010766897487227256,0.015188891475803712,0.008923884150030204,0.014717243883451525
A4_gap1,A,0.7451183520908176,0.3730237373197577,0.7524964418717427,0.3572086399633243,0.7367484543133752,0.3598383695856694,0.7396065192188749,0.3410040444890608,"A4 gap g=1 windows (1, 2, 4, 8, 16, 24, 48, 96, 168)",0.008369897777442348,0.013185367734088294,0.012889922652867813,0.016204595474263506
A4_gap1,B,0.7510408971489981,0.3560952331342218,0.7626386155117975,0.367447243544763,0.7394355462869865,0.3403849445731853,0.7510321784074071,0.3491872347834041,"A4 gap g=1 windows (1, 2, 4, 8, 16, 24, 48, 96, 168)",0.011605350862011643,0.01571028856103651,0.011606437104390355,0.018260008761358915
A4_bucket,A,0.7464534641104871,0.3756410479319095,0.7536526106247262,0.3604775520621808,0.7380449976859966,0.360969010642437,0.7411850556147266,0.3418760905723151,"A4 bucket edges (1, 2, 4, 8, 16, 24, 48, 96, 168)",0.008408466424490446,0.014672037289472473,0.012467555009999631,0.01860146148986569
A4_bucket,B,0.7507974779879206,0.3556405310110294,0.76190150380824,0.3657779699079092,0.7390784712826448,0.3398382539318378,0.7498073157419847,0.3471909275270257,"A4 bucket edges (1, 2, 4, 8, 16, 24, 48, 96, 168)",0.011719006705275814,0.015802277079191573,0.012094188066255285,0.01858704238088349
A4_calendar,A,0.7473197570009996,0.3772209462181327,0.7535619663426544,0.3580810790224064,0.7391459869636086,0.3628392204790689,0.7416065238323163,0.3423258737771715,"A4 calendar windows on trailing (1, 2, 4, 8, 16, 24, 48, 96, 168)",0.00817377003739106,0.014381725739063767,0.011955442510338088,0.015755205245234882
A4_calendar,B,0.7519294303986108,0.3561827974984202,0.7638988793823437,0.3677769182711152,0.7410390972061363,0.3392795805285999,0.7547090409240976,0.3531064085288068,"A4 calendar windows on trailing (1, 2, 4, 8, 16, 24, 48, 96, 168)",0.010890333192474566,0.01690321696982028,0.009189838458246058,0.01467050974230838
A4_event50,A,0.7475099879779774,0.3769464740301469,0.7535227909913954,0.3582311468833087,0.7398846243045338,0.3640526432286624,0.7428793305747963,0.3435517450511576,A4 event windows last50,0.007625363673443575,0.01289383080148454,0.010643460416599138,0.014679401832151107
A4_event50,B,0.7517246958760859,0.3559771457335828,0.7638500655810481,0.3690074875667293,0.7425408808071934,0.3422599742656749,0.7546099290475983,0.3533570607801673,A4 event windows last50,0.009183815068892542,0.013717171467907907,0.009240136533449794,0.015650426786561977
