run_id,description,length_set,shape,test_roc_auc_A,test_roc_auc_B,test_pr_auc_A,test_pr_auc_B,val_roc_auc_A,val_roc_auc_B,val_pr_auc_A,val_pr_auc_B,test_roc_auc_mean,test_roc_auc_std,test_pr_auc_mean,test_pr_auc_std,val_roc_auc_mean,val_roc_auc_std,val_pr_auc_mean,val_pr_auc_std,delta_roc_auc_A,delta_roc_auc_B,delta_roc_ci_low_A,delta_roc_ci_low_B,delta_roc_ci_high_A,delta_roc_ci_high_B,delta_roc_p_value_A,delta_roc_p_value_B,delta_pr_auc_A,delta_pr_auc_B,delta_pr_ci_low_A,delta_pr_ci_low_B,delta_pr_ci_high_A,delta_pr_ci_high_B
A1_bucket,"A1 bucket edges (1, 6, 24)",A1,bucket,0.7467268993615508,0.7509237793440802,0.3740102777065144,0.3558104955072761,0.7539021101871598,0.7631058399934929,0.3592324975360247,0.3670477409869345,0.7488253393528155,0.0029676422954726025,0.36491038660689523,0.012869189409199613,0.7585039750903264,0.006508019758266889,0.3631401192614796,0.005526211640762061,-0.0015323746394069,-0.0005935787435391,-0.0018993561680332,-0.0009904804562428,-0.0011653931107805,-0.0001966770308354,2.220446049250313e-16,0.0033766994729496,-0.0038088523891201,0.0002452333634042,-0.0054358977436098,-0.0009819249619468,-0.0020180294491775,0.0015848241748264
A1_calendar,"A1 calendar windows on trailing (1, 6, 24)",A1,calendar,0.7474720407329433,0.7509006438166161,0.3775407132989741,0.3561846697837006,0.7533320490716128,0.7627825345873201,0.3585265637444939,0.3679641480268437,0.7491863422747798,0.0024243884904621986,0.3668626915413373,0.015101003188964873,0.7580572918294665,0.006682502393661931,0.36324535588566875,0.006673379844069126,-0.0007872332680144,-0.000616714271003,-0.0010813443382337,-0.0010052553963903,-0.0004931221977951,-0.0002281731456158,1.553160222655947e-07,0.001864771739124,-0.0003215407330183,0.0005733467197856,-0.0012228265717212,-0.0009267842959637,0.0007649038532477,0.0021612222496998
A1_event50,A1 event windows last50,A1,event50,0.748014876572882,0.752664549410338,0.3785411922211006,0.3579672341649401,0.7541429670437192,0.76304943320826,0.3593995022707563,0.3685875232152151,0.7503397129916101,0.003287815193664024,0.3682542131930203,0.014547985257358707,0.7585962001259896,0.006297822621355359,0.3639935127429857,0.0064969119155108505,-0.0002443974280753,0.0011471913227187,-0.0005585610243075,0.0007537981320265,6.976616815679304e-05,0.001540584513411,0.1273300324942683,1.0935756744601122e-08,0.0007343732892586,0.002415631628121,-0.0001454678656566,0.0015126007487234,0.001533554639221,0.0034307561899631
A1_gap1,"A1 gap g=1 windows (1, 6, 24)",A1,gap1,0.7459859883717262,0.7500484892577233,0.3740362622368026,0.3557904281772582,0.7530665114887174,0.7608789630514581,0.3583886959018987,0.3660923391652952,0.7480172388147248,0.002872621925064852,0.3649133452070304,0.012901752991908308,0.7569727372700877,0.005524237477705379,0.362240517533597,0.005447298391389736,-0.0022732856292313,-0.0014688688298959,-0.0026542584575448,-0.0019247709785169,-0.0018923128009178,-0.0010129666812749,0.0,2.7051449968951147e-10,-0.0037573027643953,0.000191737620642,-0.0050837165537751,-0.0016163183440133,-0.002396740065065,0.0020088942099892
A1_trailing,"A1 trailing windows (1, 6, 24)",A1,trailing,0.7477058452956772,0.7513133430950126,0.3764883952855439,0.3560563777505626,0.7544016674693921,0.7635724332909534,0.3597477609283242,0.3683309108852305,0.7495095941953449,0.0025508861570256412,0.3662723865180533,0.014447618152307728,0.7589870503801728,0.006484710701099807,0.3640393359067774,0.00606920353846946,-0.0005534287052801,-0.0002040149926066,-0.0008551201834454,-0.0005713960264485,-0.0002517372271149,0.0001633660412351,0.0003238985198283,0.2764131314222564,-0.0012699760004565,0.0004665892188435,-0.0021977694797934,-0.0005036131103963,-0.0004190159394955,0.0013208353851335
A2_bucket,"A2 bucket edges (1, 3, 6, 12, 24)",A2,bucket,0.7459590865605195,0.7494004467880453,0.3750026402139647,0.3546629265736397,0.7535561276394612,0.7622808555254565,0.359554983009936,0.365792612221536,0.7476797666742824,0.0024334091533891986,0.3648327833938022,0.014382349442466323,0.7579184915824588,0.006169314252194662,0.362673797615736,0.004410669914049645,-0.002300187440438,-0.002116911299574,-0.0026950111795466,-0.0026024187306549,-0.0019053637013294,-0.0016314038684931,0.0,0.0,-0.0028991236181371,-0.000982065655589,-0.0039456210132104,-0.0028363483446811,-0.0019278535873589,0.0006472037644993
A2_calendar,"A2 calendar windows on trailing (1, 3, 6, 12, 24)",A2,calendar,0.7465243470656915,0.7512068258489841,0.3749741310899948,0.3559059532324782,0.753914924157131,0.7630071452270986,0.3586278456817117,0.367832777821223,0.7488655864573378,0.0033110125004283623,0.3654400421612365,0.013483237867921145,0.7584610346921148,0.006429171174621257,0.36323031175146736,0.006508869936210429,-0.001734926935266,-0.0003105322386351,-0.0020967680565572,-0.0006954973166319,-0.0013730858139747,7.443283936151566e-05,0.0,0.113876721886367,-0.0029192421733439,0.0002723753233714,-0.0036791825880178,-0.001566642168126,-0.0020471070756889,0.001937700492377
A2_event50,A2 event windows last50,A2,event50,0.7478494267930433,0.7523707706517022,0.3782393777173461,0.3575308765815085,0.753948344170711,0.762600614518543,0.3591719013631366,0.3677799512952237,0.7501100987223728,0.0031970729025338433,0.36788512714942734,0.014643121581360096,0.758274479344627,0.006118079035611297,0.36347592632918013,0.006086810479771175,-0.000409847207914,0.0008534125640828,-0.0007241735503923,0.0004655992278604,-9.55208654357596e-05,0.0012412259003053,0.0106011326161705,1.6101847462257624e-05,0.0004151280599319,0.0019728330863221,-0.0002699468260155,0.0012220498572958,0.00112202815013,0.0028546589187599
A2_gap1,"A2 gap g=1 windows (1, 3, 6, 12, 24)",A2,gap1,0.7447469729034849,0.7493048081233508,0.3730882148814415,0.3543786316345703,0.7520558604869936,0.761211749241219,0.3574395126856675,0.3657017005903191,0.7470258905134178,0.0032228761914980266,0.3637334232580059,0.013229673187036863,0.7566338048641064,0.006474191025902474,0.3615706066379933,0.005842249094816624,-0.0035123010974725,-0.0022125499642682,-0.0039416421095222,-0.0026647709834948,-0.0030829600854229,-0.0017603289450416,0.0,0.0,-0.0046953602112366,-0.0012907372552904,-0.0059423538128871,-0.0031108128615433,-0.0033444225451661,0.0004791329876705
A2_trailing,"A2 trailing windows (1, 3, 6, 12, 24)",A2,trailing,0.7476796094957467,0.7518835564118757,0.3781961499902275,0.3571121238794524,0.7536629108256024,0.7629534800055914,0.3585401347646403,0.3679702736995145,0.7497815829538113,0.002972639372143026,0.36765413693483995,0.014908657837643296,0.7583081954155969,0.006569424468252921,0.3632552042320774,0.006668115188380841,-0.0005796645052107,0.0003661983242564,-0.0008862798245883,-1.148614778122113e-05,-0.0002730491858331,0.000743882796294,0.0002110868613083,0.057386217591778,0.0004070709786399,0.0014995047334636,-0.0004183822506985,0.0003433294695636,0.0010946295929969,0.0025344485937586
A3_bucket,"A3 bucket edges (1, 6, 24, 48, 168)",A3,bucket,0.7466512072471655,0.7508240616171354,0.3750887524843913,0.3546009546246746,0.753733617585418,0.7624537486274306,0.3593195944920471,0.3665968941871562,0.7487376344321505,0.002950653621909668,0.36484485355453294,0.014487060798184886,0.7580936831064243,0.006166063792642449,0.36295824433960167,0.005145827963138437,-0.0016080667537921,-0.0006932964704836,-0.0019578449158461,-0.0010894514831385,-0.001258288591738,-0.0002971414578287,0.0,0.000603444146038,-0.0027730786623858,-0.0010407298918186,-0.0041227780688673,-0.002851744771015,-0.0015401097960687,0.0004419094637373
A3_calendar,"A3 calendar windows on trailing (1, 6, 24, 48, 168)",A3,calendar,0.7479975961275015,0.7518082791557703,0.3767195164764484,0.3563595926477725,0.7536263255501918,0.7641593856457212,0.3587334629325815,0.3686286186222699,0.749902937641636,0.0026945598102413658,0.36653955456211046,0.014396640203698309,0.7588928555979565,0.007447998220194224,0.3636810407774257,0.006996931689075321,-0.0002616778734559,0.0002909210681513,-0.000466160122414,1.4889097911650602e-05,-5.719562449790609e-05,0.0005669530383909,0.0121353284879874,0.0388583299400679,-0.0010818261346332,0.0007970186783823,-0.0019089864504779,-0.0001129993726007,-0.0001923776081949,0.0015924343074804
A3_event50,A3 event windows last50,A3,event50,0.7485674855102865,0.7523567621796287,0.3773874951697016,0.3566410775068497,0.7551022038844333,0.7638163782627103,0.3604201746122794,0.3686172450783709,0.7504621238449576,0.002679423228683806,0.36701428633827565,0.014669932614730943,0.7594592910735718,0.006161851795321762,0.36451870984532514,0.005796204112437292,0.0003082115093292,0.0008394040920094,3.175358099065579e-05,0.0005392587215435,0.0005846694376678,0.0011395494624753,0.0288827777866207,4.2209280737282036e-08,-0.0003392286595347,0.0010711042385622,-0.0011592930173954,0.0001675134247392,0.0003907543367713,0.0018936669094294
A3_gap1,"A3 gap g=1 windows (1, 6, 24, 48, 168)",A3,gap1,0.7448256509513838,0.750838802731935,0.3721616147581114,0.3558152360172298,0.7524467426290142,0.7625430984813829,0.3578553555320923,0.3670891888971589,0.7478322268416594,0.004251940400331776,0.3639884253876706,0.011558635255520979,0.7574949205551986,0.0071392016884823765,0.36247227221462563,0.006529306188785199,-0.0034336230495737,-0.000678555355684,-0.0038333053471663,-0.0010475724523893,-0.0030339407519811,-0.0003095382589788,0.0,0.000313335996436,-0.0056647159708058,0.0001594535879686,-0.0073873939013316,-0.0011609181732974,-0.0040264149861579,0.0014144307589337
A3_trailing,"A3 trailing windows (1, 6, 24, 48, 168)",A3,trailing,0.7482592740009575,0.7515173580876192,0.3778589131679936,0.3556379249841871,0.75381630978668,0.7639810146463442,0.3588090455062024,0.3674900509350245,0.7498883160442884,0.0023038133513544868,0.36674841907609035,0.015712611429435697,0.7588986622165121,0.007187531735028369,0.36314954822061346,0.006138397806237345,,,,,,,,,,,,,,
A4_bucket,"A4 bucket edges (1, 2, 4, 8, 16, 24, 48, 96, 168)",A4,bucket,0.7464534641104871,0.7507974779879206,0.3756410479319095,0.3556405310110294,0.7536526106247262,0.76190150380824,0.3604775520621808,0.3657779699079092,0.7486254710492038,0.0030716816703017314,0.36564078947146944,0.014142501141990619,0.757777057216483,0.005832848307346053,0.36312776098504496,0.0037479614018367277,-0.0018058098904704,-0.0007198800996985,-0.0021952983103068,-0.0011489420035229,-0.001416321470634,-0.0002908181958742,0.0,0.0010074864174804,-0.0022171755512992,0.000107957755308,-0.0033247672476269,-0.001067527935008,-0.0012674658457813,0.0012136877524919
A4_calendar,"A4 calendar windows on trailing (1, 2, 4, 8, 16, 24, 48, 96, 168)",A4,calendar,0.7473197570009996,0.7519294303986108,0.3772209462181327,0.3561827974984202,0.7535619663426544,0.7638988793823437,0.3580810790224064,0.3677769182711152,0.7496245936998052,0.003259531318506114,0.3667018718582764,0.014876217623319785,0.758730422862499,0.007309301306899959,0.36292899864676076,0.006855993682056683,-0.0009395169999578,0.0004120723109914,-0.0012340879856483,0.0001399485483327,-0.0006449460142674,0.0006841960736502,4.07334610486032e-10,0.0029980324653138,-0.0006734673259716,0.0005804532235974,-0.0014450474318694,-0.0003411567678245,0.0002211469860234,0.0014821772858214
A4_event50,A4 event windows last50,A4,event50,0.7475099879779774,0.7517246958760859,0.3769464740301469,0.3559771457335828,0.7535227909913954,0.7638500655810481,0.3582311468833087,0.3690074875667293,0.7496173419270317,0.0029802485354730322,0.36646180988186483,0.014827554235427441,0.7586864282862218,0.007302485893518914,0.363619317225019,0.007620023573623175,-0.00074928602298,0.0002073377884668,-0.0010653835912854,-0.0001770907651445,-0.0004331884546746,0.0005917663420782,3.385143614975661e-06,0.2904716799822284,-0.0009077087136556,0.0004671230122759,-0.0017423557886509,-0.0007973591855787,-4.410859924735959e-05,0.0014931055361431
A4_gap1,"A4 gap g=1 windows (1, 2, 4, 8, 16, 24, 48, 96, 168)",A4,gap1,0.7451183520908176,0.7510408971489981,0.3730237373197577,0.3560952331342218,0.7524964418717427,0.7626386155117975,0.3572086399633243,0.367447243544763,0.7480796246199078,0.004187871772522359,0.3645594852269898,0.01197026010493727,0.75756752869177,0.007171599756854174,0.36232794175404365,0.007239786022316168,-0.0031409219101398,-0.0004764609386209,-0.0035619266067434,-0.0008651781071897,-0.0027199172135362,-8.774377005221805e-05,0.0,0.0162887860632743,-0.0048610539398653,0.000526477941904,-0.0063626157211243,-0.0010547589006736,-0.0031592996994467,0.0019963806401623
A4_trailing,"A4 trailing windows (1, 2, 4, 8, 16, 24, 48, 96, 168)",A4,trailing,0.7463832497127957,0.7521436612733888,0.3758763423721433,0.356409197869057,0.7538436638255689,0.7634870024359667,0.3589319123208501,0.3674612454611783,0.7492634554930923,0.004073226076920798,0.36614277012060015,0.013765349888470736,0.7586653331307678,0.006818870124690335,0.3631965788910142,0.006031149302525236,-0.0018760242881619,0.0006263031857695,-0.0022297287465682,0.000320616219999,-0.0015223198297555,0.0009319901515399,0.0,5.928232452068194e-05,-0.0019796597337602,0.0007957767903305,-0.0027892609101836,-0.0002607790318456,-0.0011613163423712,0.0019258398224515
